COUNTRY,ID_NUM,NAME_STUDENT,EMAIL,USERNAME,PHONE_NUM,URL_PERSONAL,STREET_ADDRESS
fr_FR,374540118piRfBbnGbmACrWSv,Camille Collin,camille_collin@lebon.org,qfournier,0492938242,https://linkedin.com/in/qfournier,"38, rue Nathalie Legrand 87438 VaillantBourg"
en_US,950714306wMZUIyJOxmcXfgrO,Michael Stewart,michael_stewart@green.com,michael_stewart95,560-597-5351,https://github.com/michael_stewart95,"711 Golden Overpass West Andreaville, OH 44115"
en_US,731993941MIkyOoXoZzeKnzji,Lisa Fernandez,barbara42@example.org,lisa_fernandez687,(209)347-1122,https://instagram.com/lisa_fernandez687,"PSC 8684, Box 8339 APO AA 76482"
vi_VN,598658484zoGfhOYMyMHJRRWX,Joshua Vasquez,joshua_vasquez@matthews-rogers.com,joshuavasquez599,204.313.5256,https://github.com/joshuavasquez599,"98910 Cynthia Rest South Christopherville, AZ 79865"
en_US,156018640GGOOMjWIaubxppfU,Andrew Woodward,andrew_woodward@owen.biz,andrew_woodward465,+1-914-213-1456x208,https://linkedin.com/in/andrew_woodward465,"45792 Tammy Centers Apt. 258 Davidmouth, TN 23414"
es_ES,155994520JqMnWTzCCpebJLaT,Albert Soto,roman42@example.net,tverdugo,+34717150842,https://youtube.com/c/tverdugo,"Cañada de Ignacia Palomar 592 Piso 6  Álava, 39966"
en_US,58083612epQniKpZmgwAURdU,James Cook,james_cook@hutchinson.biz,jeffreywest,001-296-202-7142x787,https://linkedin.com/in/jeffreywest,"0638 Mary Curve Apt. 665 East Alexistown, GU 89074"
en_US,866176145CBrpCgPaWkFndyyY,Allison Davis,allison.davis@ramirez-good.com,franklinjames,661.204.7142x8512,https://youtube.com/c/franklinjames,"485 Mays Vista Port Karafort, VT 84930"
de_DE,601115011dVddLGkGlMRzKLcf,Samira Mies,samiramies@haenel.org,samira_mies195,+49(0)2245551590,https://instagram.com/samira_mies195,Georgios-Sauer-Ring 6 41730 Eisenberg
da_DK,708072577pzQDWaNgIGiexkIN,Ritt Lauritsen,nicklas61@example.org,ritt.lauritsen210,77551717,https://twitter.com/ritt.lauritsen210,Kasematvej 3 2961 Hornslet
fr_FR,20584494hVjsnnGqfraXOkJJ,Océane Louis,carlierfrederique@example.net,océanelouis107,0617936153,https://youtube.com/c/océanelouis107,"46, rue Christophe Boutin 04638 Chrétien-sur-Mer"
en_US,969909852IxJBcxwRQwAVpZAl,David Sanders,david.sanders@hanson.com,danielleshea,965.782.1972x966,https://twitter.com/danielleshea,"389 Alec Squares Suite 508 Port Jonathan, WY 20935"
fr_FR,832442640YyEmw4oQzrXwzvhl,Zoé Gillet,zoé_gillet@blondel.com,michelle71,+33256040752,https://instagram.com/michelle71,"95, boulevard Constance Fontaine 73192 ThierryBourg"
en_US,212339110MhKqTaZRxeNQUGQu,Julie Bullock,juliebullock@petersen-olson.biz,julie.bullock747,+1-993-600-2489x451,https://instagram.com/julie.bullock747,USNV Barton FPO AA 50790
en_US,181824967QRNtJtnYMDCGYQsQ,Bryan Davidson,bryan_davidson@brown-johnson.biz,johnblair,(979)812-5609,https://youtube.com/c/johnblair,"2009 Crystal Cove Jamesfort, DE 08386"
en_US,183404509bpNDOmFpPWXoZDJh,Chelsea Mcdonald,chelsea_mcdonald@mullen.com,chelsea_mcdonald826,001-218-930-6753x7510,https://youtube.com/c/chelsea_mcdonald826,"993 Clayton Viaduct Hunterville, FL 56333"
it_IT,304242242BCVCWOXFrepvIioS,Victoria Zichichi,gboaga@example.com,victoria.zichichi628,+393440766074,https://twitter.com/victoria.zichichi628,"Rotonda Greca, 35 26048, Sospiro (CR)"
vi_VN,524756431AIAnySWyatAVZooB,Chad Barry,chad_barry@mays.com,aaronhopkins,001-209-532-2717x542,https://linkedin.com/in/aaronhopkins,"4852 Curtis Prairie Suite 262 Port Jeffrey, NY 32330"
de_DE,431945018DNbLQfilquDvrqEV,Hugo Werner,cstadelmann@example.org,hugowerner696,(00611)264862,https://github.com/hugowerner696,Casparplatz 5/8 66065 Flöha
en_US,291229140XWpbjiQKDXkMXtLt,Nathan Farley,nathan.farley@rodriguez-jacobs.com,clementslaura,001-776-926-6237x582,https://twitter.com/clementslaura,"3407 Smith Hills Port Tiffanyport, ND 80344"
vi_VN,611852894SgRZYYwBePa6gxTB,Eric Mccarthy,amysullivan@example.net,fdavis,8149004689,https://linkedin.com/in/fdavis,"4391 Chad Greens Suite 851 Port Frank, MT 38471"
vi_VN,139493860D6rprpKQvFlnZvMJ,Justin Taylor,yfigueroa@example.com,justintaylor828,675-792-2116x6972,https://facebook.com/justintaylor828,"77857 Scott Divide Suite 093 West Thomastown, PR 69553"
es_ES,292144648UFWSPCfoStxJwVvS,Bonifacio Bertrán,bonifacio.bertrán@familia.org,xagudo,+34877294316,https://linkedin.com/in/xagudo,"Rambla de Natalio Robles 82 Puerta 2  Barcelona, 14688"
en_US,366361843uVWmVrWMgsxtTicJ,Renee Wallace,reneewallace@blair-pope.info,renee_wallace124,290.460.3125,https://twitter.com/renee_wallace124,"184 Jenkins Center Suite 977 Janetborough, MA 35349"
en_US,456069984sEvdE1zeOjZtpJMY,Bobby Williams,buchananerin@example.net,bobby_williams894,(983)773-5919x1558,https://linkedin.com/in/bobby_williams894,"51385 Mary Glen Larryfurt, KS 63688"
es_ES,785175961LtNNWOqkleaCEcsS,Omar Heredia,omar_heredia@alimentacion.es,omar.heredia931,+34974711131,https://github.com/omar.heredia931,"Pasaje Emperatriz Benítez 78 Apt. 23  Ceuta, 09394"
fr_FR,199673782QBIPrekMshSSrICM,Zoé Lopes,juliette83@example.net,timothee61,0594897844,https://instagram.com/timothee61,boulevard Mendès 13276 Menard-sur-Mer
de_DE,514234438oLWKWEPrLOfwvQkA,Karsten Warmer,karsten.warmer@losekann.com,karstenwarmer257,+49(0)6419538433,https://linkedin.com/in/karstenwarmer257,Heintzering 4/9 20885 Roth
fr_FR,592414568uuXGQDdHNOWnJsSh,Luce Laurent,daniellegarnier@example.org,lucelaurent38,+33799332365,https://github.com/lucelaurent38,"11, boulevard de Pelletier 62566 Richard"
fr_FR,46450412taAoDPFGAEDjmGeX,Matthieu Berthelot,matthieu.berthelot@morvan.fr,margaudcosta,+33(0)389296354,https://twitter.com/margaudcosta,rue Gomes 92865 Le Goff
es_ES,607544851LQjIwJyuSKocVTyF,Rosalía Sainz,marcosalegria@example.com,rosalía_sainz290,+34988025070,https://twitter.com/rosalía_sainz290,"Plaza Jaime Morillo 1 Sevilla, 28698"
en_US,170524123HaAeYvSPvyOINpoB,Derek Weeks,gregory56@example.com,derek_weeks896,8648887091,https://github.com/derek_weeks896,"821 Young Village East Sonya, AS 22631"
fr_FR,65051592SbusxjHKkfyRFjDD,Noémi Pottier,noémipottier@joseph.com,michellechevalier,0279990456,https://github.com/michellechevalier,"8, chemin Klein 85254 Huetboeuf"
en_US,948885537ewtSDmEpKKSbrKMs,Francis Mullins,collinsrachel@example.net,francis.mullins694,208.298.4076x1657,https://facebook.com/francis.mullins694,"9438 Hughes Village Jasonshire, MA 32305"
da_DK,965632033qOOtcxfulixGk4ZV,Elin Paulsen,elin_paulsen@nielsen.org,elin_paulsen652,+4555445769,https://youtube.com/c/elin_paulsen652,Willumsgade 1 8250 Hjørring
it_IT,808397348RZxYaIDRL6gENuoO,Bartolomeo Vezzali,bartolomeovezzali@donarelli.it,lligorio,38364440645,https://youtube.com/c/lligorio,"Piazza Luisa, 619 Piano 9 26030, Spineda (CR)"
en_US,304613769thpiDQAVAFAcnCxR,Michael Jarvis,michaeljarvis@graves.org,michael_jarvis144,342.561.9737,https://linkedin.com/in/michael_jarvis144,"6446 Lynch Course Anthonytown, WV 33342"
fr_FR,97672114hfPbYpYnWnnvYajI,Luc Ledoux,luc_ledoux@grenier.com,luc_ledoux408,0490929450,https://instagram.com/luc_ledoux408,"220, chemin de Alves 01171 Wagner"
en_US,684233026wLbqiHVEXGgGNUtP,Daniel Fernandez,edwardsrebecca@example.net,edwardsmaureen,962-292-6480x222,https://youtube.com/c/edwardsmaureen,"625 Christopher Extensions Jamesview, MD 92304"
en_US,440152493FeujiNJyHDMgPUBo,Jeanne Casey,jeanne.casey@tran-johnson.org,jeanne.casey437,(980)451-3793,https://twitter.com/jeanne.casey437,"8081 Smith Trail North Ronaldstad, OK 59690"
it_IT,122038234BQxRefBVZJLJQAQU,Mario Papetti,alessio22@example.org,mario.papetti748,3500930606,https://linkedin.com/in/mario.papetti748,"Incrocio Arnulfo, 575 Appartamento 50 19016, Monterosso Al Mare (SP)"
en_US,495176910nQowxWKZJNbQbrva,Caleb Davis,morriskrystal@example.net,caleb.davis107,001-777-710-8640x811,https://facebook.com/caleb.davis107,USCGC Donaldson FPO AE 68212
en_US,34388521fnAvxUXMdkdrQFCr,Connie Mitchell,ethanmaxwell@example.org,connie_mitchell146,+1-539-750-7603x3452,https://twitter.com/connie_mitchell146,"5926 Fernando Prairie Apt. 622 North Madisonhaven, AL 05505"
es_ES,909320402hRFQczdnnWshFlyT,Asdrubal Caparrós,aamor@example.com,melaniacoronado,+34922325838,https://instagram.com/melaniacoronado,"Ronda Clarisa Orozco 7 Ciudad, 31876"
es_ES,258779981BDuBzszuZDfgBzft,Rico Gomila,rico_gomila@regulo.es,rico_gomila407,+34988099734,https://twitter.com/rico_gomila407,"Via de Bienvenida Atienza 16 Piso 6  Badajoz, 47739"
en_US,662522284OHmwpjmMWlDWCPuj,Steven Murray,steven_murray@sellers.com,matthewjenkins,(652)857-8034x295,https://linkedin.com/in/matthewjenkins,"606 Brooks Fords Suite 221 Gabrielchester, OK 52719"
it_IT,311711076dGtCdsPNGDJCPuEj,Ronaldo Borroni,fabriziocorrer@example.org,ronaldoborroni311,+390445082755,https://instagram.com/ronaldoborroni311,"Rotonda Eliana, 98 Piano 3 28896, Quarna Sotto (VB)"
it_IT,520068021GcTCHkxyXRdegRsU,Ottavio Serao,enricoagostini@example.net,pierangelo61,+393633998141,https://instagram.com/pierangelo61,"Rotonda Paulina, 65 20002, Ossona (MI)"
en_US,546710279wPiTty5QfGbtnXmi,Lisa Perez,deleonwilliam@example.org,annawilcox,2284693764,https://facebook.com/annawilcox,"PSC 2790, Box 6196 APO AA 31053"
en_US,184854455cXiykSZUcxCsopZm,William Gibson,williamgibson@henry.com,william_gibson520,385.924.9271,https://facebook.com/william_gibson520,"147 Lisa Hill Apt. 512 Port Elizabethshire, OH 26519"
da_DK,969584627GA2ZidxghfrGBowA,Alex Andersen,gthorsen@example.com,alex.andersen788,55103374,https://instagram.com/alex.andersen788,Næstvedstræde 6 7149 Sakskøbing
de_DE,775132823ouTYisSWCabnJHhp,Walburga Kranz,walburga_kranz@weinhold.de,walburga_kranz396,(05469)21658,https://linkedin.com/in/walburga_kranz396,Schulzring 4/5 41741 Döbeln
en_US,939498941DhMbKTsawKlHeIYJ,Maurice Sanchez,danielreyes@example.com,sarahmorgan,287.399.3684x735,https://github.com/sarahmorgan,"60906 Joseph Stream Suite 212 Anthonyton, AL 50658"
de_DE,894827350qwwUXViwvXSOZecm,Antonia Adolph,dariusweinhage@example.com,antonia_adolph651,+49(0)089618233,https://github.com/antonia_adolph651,Ackermannstraße 60 09555 Soltau
en_US,597899978G6EcsXPrZBVylSxr,Dennis Holmes,schwartzchristine@example.net,sierra14,(363)395-3688,https://instagram.com/sierra14,"87727 Anderson Glens Suite 198 Loribury, NH 33068"
vi_VN,921874235IufQtMkwcNrexZbM,Michael Rowe,michael_rowe@tran.com,michael_rowe441,(334)577-2374x57928,https://facebook.com/michael_rowe441,"25059 Katie Mountain Byrdchester, NM 25673"
en_US,88492502xKMRxCKHzPpbFyhX,Gary Williams,garywilliams@murphy.org,pam83,001-262-597-9397,https://youtube.com/c/pam83,"300 Dennis Mills Apt. 186 Nicolemouth, NM 90343"
it_IT,195982862SmiCTfQTJskYGhYp,Fredo Dalla,fredo_dalla@rosiello-mercati.com,anita57,+390438126780,https://facebook.com/anita57,"Strada Silvia, 99 Appartamento 52 13022, Fervento (VC)"
en_US,45227288NezHX6euCRwXOlBd,Christian Cordova,xjensen@example.com,christian.cordova823,903-690-9852,https://facebook.com/christian.cordova823,"3668 Perez Ramp Suite 102 Courtneyshire, NM 08797"
es_ES,325330330kTwsqOrONfPLjQUv,Belen Tello,carnerotono@example.net,ymontenegro,+34842201630,https://instagram.com/ymontenegro,"Via de Omar Manzanares 49 Puerta 8  Guipúzcoa, 34776"
en_US,388677289qXAOFsEZtekADvjT,Andrea Martin,andreamartin@rivera-cooper.com,oweiss,+1-286-514-9181x927,https://linkedin.com/in/oweiss,"36397 Moore Stravenue Terriside, PR 26819"
en_US,271349031JuDrpgsNp2KmFDtb,Jason Clayton,millerlori@example.com,jason_clayton779,001-750-919-0412x438,https://instagram.com/jason_clayton779,"19752 Allen Mews Suite 000 Charlesmouth, MD 72308"
de_DE,828737509dsMsaBqWxzKmJeGW,Georgia Hövel,georgiahövel@textor.com,georgia_hövel221,+49(0)906649345,https://facebook.com/georgia_hövel221,Sigmund-Köster-Platz 376 31412 Marktheidenfeld
fr_FR,356753326zYJWmGGciZHjGuuz,Alexandre Chrétien,alexandrechrétien@didier.fr,edith61,0650285332,https://youtube.com/c/edith61,"92, boulevard André Arnaud 29984 Munoz-les-Bains"
en_US,2809345097xRAtMqKULkOXjcS,John Castro,lauren07@example.org,johncastro577,9623686368,https://instagram.com/johncastro577,"010 Julie Mission Tracistad, TN 52444"
en_US,542696083AAAXETHJQHuDvwNm,Jonathan Jones,gillbrian@example.org,brendayang,001-773-772-9840x925,https://github.com/brendayang,"420 Roman Village Apt. 965 Turnerberg, NJ 39285"
en_US,140924224TSuwYsKy6XsswPVn,Sharon Haynes,sriley@example.net,sharon_haynes965,993-736-3482x8298,https://instagram.com/sharon_haynes965,"8034 Vazquez Brook Apt. 914 Port Morganburgh, RI 23253"
es_ES,802196980gVpdodATgakPEWuP,Victoria Palomo,pazmenendez@example.org,victoriapalomo713,+34944755196,https://instagram.com/victoriapalomo713,"Plaza Dorotea Llamas 73 Guadalajara, 13089"
en_US,74550643llzlctMvDHiDmvUP,Laura Crawford,lauracrawford@burton.com,cherylwagner,7695028164,https://facebook.com/cherylwagner,"54779 Adams Rue Apt. 721 Angelicafurt, PA 59193"
en_US,986886936YKlO6GfQlEpqpWvL,Robert Moore,silvadaniel@example.org,rmiranda,001-274-216-4415x8810,https://twitter.com/rmiranda,Unit 2166 Box 7052 DPO AE 92631
en_US,772244769DkRTSOxoijVxSEZW,Philip Riley,williamskimberly@example.org,philipriley242,+1-446-568-0782,https://linkedin.com/in/philipriley242,"97444 Richard Branch New Kimland, FM 01845"
fr_FR,198715681HehJmIkHhTFGZDGD,Lucie Jacquet,gabrielle-roux@example.org,penelopeblanchard,0277591153,https://facebook.com/penelopeblanchard,"87, boulevard de Clément 11423 Jacobnec"
es_ES,5522117z4VLcwIecAXXxCyR,Candela Tenorio,ernestopulido@example.net,candelatenorio827,+34912122069,https://instagram.com/candelatenorio827,"Camino de Marciano Ortuño 66 Málaga, 23624"
fr_FR,815461428HUatRBypwrUcNpeM,Nicolas Diallo,zacharie80@example.org,nicolas_diallo183,+33(0)671569380,https://facebook.com/nicolas_diallo183,chemin de Fournier 46284 Royer
it_IT,706857343zonis3uMpjotdLOJ,Sebastiano Soranzo,sebastiano_soranzo@gilardoni.com,zabba,088426497,https://youtube.com/c/zabba,"Rotonda Mondadori, 79 23870, Cernusco Lombardone (LC)"
en_US,729007168AtlEoTZdAJipnPCf,Parker Allen,sheri39@example.com,parkerallen327,+1-925-532-4828x917,https://twitter.com/parkerallen327,"318 Conway Hill Suite 483 Meganmouth, VA 03219"
en_US,771270346cmUnntnVVpTzJXyI,Bradley Frye,bradley.frye@mason-barker.biz,bradley.frye690,960-710-5249x87486,https://facebook.com/bradley.frye690,"118 Melissa Prairie Stephanieville, MH 74361"
en_US,74044651gWnucobJLsmoKFPq,Jimmy Williams,jimmywilliams@cabrera.com,jimmywilliams904,001-699-983-4422x93223,https://github.com/jimmywilliams904,"943 Derek Ville Dicksonburgh, ID 77674"
fr_FR,358465728kUFIHeWAOeaGxNEb,Alfred Marty,edouard94@example.net,alfred.marty173,+33139239062,https://twitter.com/alfred.marty173,"608, rue Pineau 40780 Grondin-la-Forêt"
es_ES,115869059Ib8ZgHpNqrfzKStP,Imelda Fabregat,patricio89@example.com,imelda_fabregat18,+34876486126,https://facebook.com/imelda_fabregat18,"Pasaje Ernesto Rocamora 48 Valencia, 05484"
en_US,863103425dSfBKHoSEcRIQlbL,Joseph Mccann,yfitzgerald@example.net,joseph.mccann387,(889)520-4978,https://facebook.com/joseph.mccann387,"18618 Curry Expressway Apt. 333 New Nicholasland, FM 72324"
vi_VN,623298126pyvWYGdBeMMXbYFw,Jason Gonzalez,jason.gonzalez@anderson.org,jason_gonzalez307,(596)247-9055x30373,https://youtube.com/c/jason_gonzalez307,"1944 Murphy Stravenue Suite 191 Woodland, IN 18339"
en_US,330898024ZTfjTVugaCWgfBJG,Robert Suarez,robert_suarez@wood.com,robert_suarez791,615-433-4866x60271,https://facebook.com/robert_suarez791,"2929 Baker Forest Apt. 227 Gileston, ME 98812"
en_US,63558350fMysyUpHRkrrjkrt,Theodore Miller,theodore_miller@sanchez-williams.org,deborah11,374-494-8623,https://instagram.com/deborah11,USNS Smith FPO AE 93164
en_US,310982321MmgtzNZCBiuSEluV,Carolyn Wang,carolynwang@oliver.com,carolyn_wang739,+1-779-649-6012x705,https://twitter.com/carolyn_wang739,"43319 John Pike Apt. 750 Roberthaven, OH 17431"
en_US,325183322hmIRbTCS1RipQTYe,Jennifer Baldwin,jenniferbaldwin@wallace.com,jennifer.baldwin288,944.215.2706,https://github.com/jennifer.baldwin288,"967 Ethan Avenue Suite 164 South Nicole, KS 68053"
it_IT,729606178IYSMgQkcPWYggoVJ,Patrizio Chiappetta,folettimartino@example.com,patriziochiappetta519,+393330645936,https://twitter.com/patriziochiappetta519,"Viale Rossini, 765 41013, Castelfranco Emilia (MO)"
it_IT,637557471SjbgAhwvYHwgUutZ,Anita Sandi,psolari@example.com,anita.sandi475,+390750492440,https://twitter.com/anita.sandi475,"Rotonda Marcella, 7 28845, Domodossola (VB)"
en_US,887212742VHJvBoOlzVmLyTnW,Jose Jackson,rodriguezjenny@example.com,josejackson112,+1-218-541-1894,https://twitter.com/josejackson112,"PSC 1272, Box 2742 APO AA 92858"
da_DK,472214925xmhQHMNLwDlNfuph,Patricia Ravn,thomsenemil@example.com,wintherruben,+4563463798,https://facebook.com/wintherruben,Spanager Allé 496 8585 Klovborg
en_US,119594245AiylOSJFiuNwFmJP,Melvin Rowe,melvin.rowe@day-watson.org,natashamccullough,001-443-201-7823x695,https://facebook.com/natashamccullough,"5039 Carlos Curve Apt. 886 Jaredchester, AK 71876"
fr_FR,713244787kKYsrIkKJhhX8IWI,Christiane Wagner,veronique67@example.net,christiane.wagner728,0183015666,https://github.com/christiane.wagner728,"96, avenue Bousquet 36789 Brunetnec"
de_DE,760785048tCwCXnSTOki3ZKIM,Gundula Löwer,walter85@example.com,xtrupp,0925067741,https://twitter.com/xtrupp,Pierre-Barth-Weg 2 71129 Geithain
en_US,561277197RidPSpTpFKOyezVS,Deborah White,deborah.white@sanders-collins.net,deborah.white587,6278211744,https://instagram.com/deborah.white587,"7104 Sarah Motorway Suite 836 South Billyland, MN 01427"
it_IT,770967179UOezBFuvKKYRcObk,Lando Mascheroni,lando.mascheroni@battaglia.com,landomascheroni3,+39012582111,https://twitter.com/landomascheroni3,"Strada Carosone, 7 Appartamento 95 34076, Medea (GO)"
en_US,493795596kfqxdOUBTaEioRaS,Courtney Mullen,courtney_mullen@kemp-rice.com,courtney_mullen706,+1-898-764-3912,https://youtube.com/c/courtney_mullen706,"500 Douglas Streets Apt. 221 Navarroberg, KY 34677"
de_DE,522732829ofgxiXPeKNCUOARn,Margot Etzold,margareta53@example.net,gerlachsina,+49(0)8724531935,https://github.com/gerlachsina,Wulffstraße 0 36068 Ebern
en_US,427541018UwupPpMUsQnMmsYF,Samantha Williams,samantha_williams@ayala.com,jennifer56,+1-824-658-1273x9991,https://linkedin.com/in/jennifer56,"0092 Jackson Lodge New Amy, ID 04639"
en_US,25419126auyAIWXbeqcYGOXB,Dawn Mullins,dawn_mullins@watkins-nixon.com,dawnmullins609,(910)865-2736x903,https://linkedin.com/in/dawnmullins609,"66734 Jacqueline Estate West Rhondaburgh, CT 20715"
fr_FR,107891426tGZIzOtUdfhNdQhT,Philippe Schmitt,ilebrun@example.net,hboucher,0767149544,https://instagram.com/hboucher,"880, boulevard de Gaudin 25532 Foucher"
